{"plugins":{"cordova-plugin-geolocation":"C:\\ProgramData\\Microsoft\\VisualStudio\\MDA\\a41a1fd2\\taco-toolset-6.3.1\\node_modules\\cordova-simulate\\src\\plugins\\cordova-plugin-geolocation","exec":"C:\\ProgramData\\Microsoft\\VisualStudio\\MDA\\a41a1fd2\\taco-toolset-6.3.1\\node_modules\\cordova-simulate\\src\\plugins\\exec","events":"C:\\ProgramData\\Microsoft\\VisualStudio\\MDA\\a41a1fd2\\taco-toolset-6.3.1\\node_modules\\cordova-simulate\\src\\plugins\\events","cordova-plugin-device":"C:\\ProgramData\\Microsoft\\VisualStudio\\MDA\\a41a1fd2\\taco-toolset-6.3.1\\node_modules\\cordova-simulate\\src\\plugins\\cordova-plugin-device","android-platform-core":"C:\\ProgramData\\Microsoft\\VisualStudio\\MDA\\a41a1fd2\\taco-toolset-6.3.1\\node_modules\\cordova-simulate\\src\\platforms\\android"},"files":{"C:\\ProgramData\\Microsoft\\VisualStudio\\MDA\\a41a1fd2\\taco-toolset-6.3.1\\node_modules\\cordova-simulate\\src\\app-host\\app-host.js":1539572032718,"C:\\ProgramData\\Microsoft\\VisualStudio\\MDA\\a41a1fd2\\taco-toolset-6.3.1\\node_modules\\cordova-simulate\\src\\modules\\argscheck.js":1539572032718,"C:\\ProgramData\\Microsoft\\VisualStudio\\MDA\\a41a1fd2\\taco-toolset-6.3.1\\node_modules\\cordova-simulate\\src\\modules\\db.js":1539572032718,"C:\\ProgramData\\Microsoft\\VisualStudio\\MDA\\a41a1fd2\\taco-toolset-6.3.1\\node_modules\\cordova-simulate\\src\\modules\\event.js":1539572032718,"C:\\ProgramData\\Microsoft\\VisualStudio\\MDA\\a41a1fd2\\taco-toolset-6.3.1\\node_modules\\cordova-simulate\\src\\modules\\exception.js":1539572032718,"C:\\ProgramData\\Microsoft\\VisualStudio\\MDA\\a41a1fd2\\taco-toolset-6.3.1\\node_modules\\cordova-simulate\\src\\modules\\messages.js":1539572032718,"C:\\ProgramData\\Microsoft\\VisualStudio\\MDA\\a41a1fd2\\taco-toolset-6.3.1\\node_modules\\cordova-simulate\\src\\modules\\polyfills.js":1539572032718,"C:\\ProgramData\\Microsoft\\VisualStudio\\MDA\\a41a1fd2\\taco-toolset-6.3.1\\node_modules\\cordova-simulate\\src\\modules\\sim-constants.js":1539572032718,"C:\\ProgramData\\Microsoft\\VisualStudio\\MDA\\a41a1fd2\\taco-toolset-6.3.1\\node_modules\\cordova-simulate\\src\\modules\\telemetry-helper.js":1539572032718,"C:\\ProgramData\\Microsoft\\VisualStudio\\MDA\\a41a1fd2\\taco-toolset-6.3.1\\node_modules\\cordova-simulate\\src\\modules\\utils.js":1539572032718,"C:\\ProgramData\\Microsoft\\VisualStudio\\MDA\\a41a1fd2\\taco-toolset-6.3.1\\node_modules\\cordova-simulate\\src\\modules\\xhr-proxy.js":1539572032718,"C:\\ProgramData\\Microsoft\\VisualStudio\\MDA\\a41a1fd2\\taco-toolset-6.3.1\\node_modules\\cordova-simulate\\src\\third-party\\jquery.min.js":1539572032718,"C:\\ProgramData\\Microsoft\\VisualStudio\\MDA\\a41a1fd2\\taco-toolset-6.3.1\\node_modules\\cordova-simulate\\src\\third-party\\socket.io.js":1539572032718,"C:\\ProgramData\\Microsoft\\VisualStudio\\MDA\\a41a1fd2\\taco-toolset-6.3.1\\node_modules\\cordova-simulate\\src\\third-party\\webcomponents.min.js":1539572032718,"C:\\ProgramData\\Microsoft\\VisualStudio\\MDA\\a41a1fd2\\taco-toolset-6.3.1\\node_modules\\cordova-simulate\\src\\plugins\\cordova-plugin-geolocation\\app-host-clobbers.js":1539572032718,"C:\\ProgramData\\Microsoft\\VisualStudio\\MDA\\a41a1fd2\\taco-toolset-6.3.1\\node_modules\\cordova-simulate\\src\\plugins\\events\\app-host.js":1539572032718,"C:\\ProgramData\\Microsoft\\VisualStudio\\MDA\\a41a1fd2\\taco-toolset-6.3.1\\node_modules\\cordova-simulate\\src\\plugins\\cordova-plugin-device\\app-host.js":1539572032718,"C:\\ProgramData\\Microsoft\\VisualStudio\\MDA\\a41a1fd2\\taco-toolset-6.3.1\\node_modules\\cordova-simulate\\src\\platforms\\android\\app-host-handlers.js":1539572032718,"C:\\ProgramData\\Microsoft\\VisualStudio\\MDA\\a41a1fd2\\taco-toolset-6.3.1\\node_modules\\cordova-simulate\\src\\app-host\\live-reload-client.js":1539572032718,"C:\\ProgramData\\Microsoft\\VisualStudio\\MDA\\a41a1fd2\\taco-toolset-6.3.1\\node_modules\\cordova-simulate\\src\\app-host\\touch-events.js":1539572032718,"C:\\ProgramData\\Microsoft\\VisualStudio\\MDA\\a41a1fd2\\taco-toolset-6.3.1\\node_modules\\cordova-simulate\\src\\plugins\\cordova-plugin-geolocation\\PositionError.js":1539572032718,"C:\\ProgramData\\Microsoft\\VisualStudio\\MDA\\a41a1fd2\\taco-toolset-6.3.1\\node_modules\\cordova-simulate\\src\\plugins\\cordova-plugin-geolocation\\Position.js":1539572032718,"C:\\ProgramData\\Microsoft\\VisualStudio\\MDA\\a41a1fd2\\taco-toolset-6.3.1\\node_modules\\cordova-simulate\\node_modules\\q\\q.js":1539572032718,"C:\\ProgramData\\Microsoft\\VisualStudio\\MDA\\a41a1fd2\\taco-toolset-6.3.1\\node_modules\\cordova-simulate\\src\\plugins\\cordova-plugin-geolocation\\Coordinates.js":1539572032718,"C:\\ProgramData\\Microsoft\\VisualStudio\\MDA\\a41a1fd2\\taco-toolset-6.3.1\\node_modules\\cordova-simulate\\node_modules\\url\\url.js":1539572032718,"C:\\ProgramData\\Microsoft\\VisualStudio\\MDA\\a41a1fd2\\taco-toolset-6.3.1\\node_modules\\process\\browser.js":1539572032718,"C:\\ProgramData\\Microsoft\\VisualStudio\\MDA\\a41a1fd2\\taco-toolset-6.3.1\\node_modules\\punycode\\punycode.js":1539572032718,"C:\\ProgramData\\Microsoft\\VisualStudio\\MDA\\a41a1fd2\\taco-toolset-6.3.1\\node_modules\\querystring-es3\\index.js":1539572032718,"C:\\ProgramData\\Microsoft\\VisualStudio\\MDA\\a41a1fd2\\taco-toolset-6.3.1\\node_modules\\cordova-simulate\\node_modules\\url\\util.js":1539572032718,"C:\\ProgramData\\Microsoft\\VisualStudio\\MDA\\a41a1fd2\\taco-toolset-6.3.1\\node_modules\\querystring-es3\\decode.js":1539572032718,"C:\\ProgramData\\Microsoft\\VisualStudio\\MDA\\a41a1fd2\\taco-toolset-6.3.1\\node_modules\\querystring-es3\\encode.js":1539572032718}}